<?xml version='1.0' encoding='UTF-8' standalone='yes' ?>
<hierarchy rotation="0">
  <node index="0" text="" resource-id="com.android.systemui:id/navigation_bar_frame" class="android.widget.FrameLayout" package="com.android.systemui" content-desc="" checkable="false" checked="false" clickable="false" enabled="true" focusable="false" focused="false" scrollable="false" long-clickable="false" password="false" selected="false" visible-to-user="true" bounds="[0,2274][1080,2400]">
    <node index="0" text="" resource-id="com.android.systemui:id/navigation_bar_view" class="android.widget.FrameLayout" package="com.android.systemui" content-desc="" checkable="false" checked="false" clickable="false" enabled="true" focusable="false" focused="false" scrollable="false" long-clickable="false" password="false" selected="false" visible-to-user="true" bounds="[0,2274][1080,2400]">
      <node index="0" text="" resource-id="com.android.systemui:id/navigation_inflater" class="android.widget.FrameLayout" package="com.android.systemui" content-desc="" checkable="false" checked="false" clickable="false" enabled="true" focusable="false" focused="false" scrollable="false" long-clickable="false" password="false" selected="false" visible-to-user="true" bounds="[0,2274][1080,2400]">
        <node index="0" text="" resource-id="com.android.systemui:id/horizontal" class="android.widget.FrameLayout" package="com.android.systemui" content-desc="" checkable="false" checked="false" clickable="false" enabled="true" focusable="false" focused="false" scrollable="false" long-clickable="false" password="false" selected="false" visible-to-user="true" bounds="[0,2274][1080,2400]">
          <node index="0" text="" resource-id="com.android.systemui:id/nav_buttons" class="android.widget.FrameLayout" package="com.android.systemui" content-desc="" checkable="false" checked="false" clickable="false" enabled="true" focusable="false" focused="false" scrollable="false" long-clickable="false" password="false" selected="false" visible-to-user="true" bounds="[0,2274][1080,2400]">
            <node index="0" text="" resource-id="com.android.systemui:id/ends_group" class="android.widget.LinearLayout" package="com.android.systemui" content-desc="" checkable="false" checked="false" clickable="false" enabled="true" focusable="false" focused="false" scrollable="false" long-clickable="false" password="false" selected="false" visible-to-user="true" bounds="[0,2274][1080,2400]">
              <node index="0" text="" resource-id="com.android.systemui:id/recent_apps" class="android.widget.ImageView" package="com.android.systemui" content-desc="Recents" checkable="false" checked="false" clickable="true" enabled="true" focusable="true" focused="false" scrollable="false" long-clickable="true" password="false" selected="false" visible-to-user="true" bounds="[118,2274][357,2400]" />
              <node index="1" text="" resource-id="com.android.systemui:id/back" class="android.widget.ImageView" package="com.android.systemui" content-desc="Back" checkable="false" checked="false" clickable="true" enabled="true" focusable="true" focused="false" scrollable="false" long-clickable="false" password="false" selected="false" visible-to-user="true" bounds="[723,2274][962,2400]" />
              <node index="2" text="" resource-id="com.android.systemui:id/menu_container" class="android.widget.FrameLayout" package="com.android.systemui" content-desc="" checkable="false" checked="false" clickable="true" enabled="true" focusable="true" focused="false" scrollable="false" long-clickable="true" password="false" selected="false" visible-to-user="true" bounds="[962,2274][1080,2400]">
                <node index="0" text="" resource-id="com.android.systemui:id/accessibility_button" class="android.widget.ImageView" package="com.android.systemui" content-desc="Accessibility" checkable="false" checked="false" clickable="true" enabled="true" focusable="true" focused="false" scrollable="false" long-clickable="false" password="false" selected="false" visible-to-user="true" bounds="[962,2276][1080,2400]" />
              </node>
            </node>
            <node index="1" text="" resource-id="com.android.systemui:id/nav_bar_widget" class="android.widget.LinearLayout" package="com.android.systemui" content-desc="" checkable="false" checked="false" clickable="false" enabled="true" focusable="false" focused="false" scrollable="false" long-clickable="false" password="false" selected="false" visible-to-user="true" bounds="[0,2274][1080,2400]" />
            <node index="2" text="" resource-id="com.android.systemui:id/center_group" class="android.widget.LinearLayout" package="com.android.systemui" content-desc="" checkable="false" checked="false" clickable="false" enabled="true" focusable="false" focused="false" scrollable="false" long-clickable="false" password="false" selected="false" visible-to-user="true" bounds="[420,2274][659,2400]">
              <node index="0" text="" resource-id="com.android.systemui:id/home" class="android.widget.ImageView" package="com.android.systemui" content-desc="Home" checkable="false" checked="false" clickable="true" enabled="true" focusable="true" focused="false" scrollable="false" long-clickable="false" password="false" selected="false" visible-to-user="true" bounds="[420,2274][659,2400]" />
            </node>
          </node>
        </node>
      </node>
    </node>
  </node>
  <node index="0" text="" resource-id="" class="android.widget.FrameLayout" package="com.android.systemui" content-desc="" checkable="false" checked="false" clickable="false" enabled="true" focusable="false" focused="false" scrollable="false" long-clickable="false" password="false" selected="false" visible-to-user="true" bounds="[0,0][1080,80]">
    <node index="0" text="" resource-id="com.android.systemui:id/status_bar_launch_animation_container" class="android.widget.FrameLayout" package="com.android.systemui" content-desc="" checkable="false" checked="false" clickable="false" enabled="true" focusable="false" focused="false" scrollable="false" long-clickable="false" password="false" selected="false" visible-to-user="true" bounds="[0,0][1080,80]" />
    <node index="1" text="" resource-id="com.android.systemui:id/status_bar_container" class="android.widget.FrameLayout" package="com.android.systemui" content-desc="" checkable="false" checked="false" clickable="false" enabled="true" focusable="false" focused="false" scrollable="false" long-clickable="false" password="false" selected="false" visible-to-user="true" bounds="[0,0][1080,80]">
      <node index="0" text="" resource-id="com.android.systemui:id/status_bar" class="android.widget.FrameLayout" package="com.android.systemui" content-desc="" checkable="false" checked="false" clickable="false" enabled="true" focusable="false" focused="false" scrollable="false" long-clickable="false" password="false" selected="false" visible-to-user="true" bounds="[0,0][1080,80]">
        <node index="0" text="" resource-id="com.android.systemui:id/phone_status_bar_background" class="android.widget.FrameLayout" package="com.android.systemui" content-desc="" checkable="false" checked="false" clickable="false" enabled="true" focusable="false" focused="false" scrollable="false" long-clickable="false" password="false" selected="false" visible-to-user="true" bounds="[0,0][1080,80]" />
        <node index="1" text="" resource-id="com.android.systemui:id/status_bar_area" class="android.widget.FrameLayout" package="com.android.systemui" content-desc="" checkable="false" checked="false" clickable="false" enabled="true" focusable="false" focused="false" scrollable="false" long-clickable="false" password="false" selected="false" visible-to-user="true" bounds="[0,20][1080,80]">
          <node index="0" text="" resource-id="com.android.systemui:id/status_bar_contents" class="android.widget.RelativeLayout" package="com.android.systemui" content-desc="" checkable="false" checked="false" clickable="false" enabled="true" focusable="false" focused="false" scrollable="false" long-clickable="false" password="false" selected="false" visible-to-user="true" bounds="[0,20][1080,80]">
            <node index="0" text="" resource-id="com.android.systemui:id/status_bar_left_side_container" class="android.widget.FrameLayout" package="com.android.systemui" content-desc="" checkable="false" checked="false" clickable="false" enabled="true" focusable="false" focused="false" scrollable="false" long-clickable="false" password="false" selected="false" visible-to-user="true" bounds="[82,20][495,80]">
              <node index="0" text="" resource-id="com.android.systemui:id/status_bar_left_side" class="android.widget.LinearLayout" package="com.android.systemui" content-desc="" checkable="false" checked="false" clickable="false" enabled="true" focusable="false" focused="false" scrollable="false" long-clickable="false" password="false" selected="false" visible-to-user="true" bounds="[82,20][495,80]">
                <node index="0" text="" resource-id="com.android.systemui:id/left_clock_container" class="android.widget.LinearLayout" package="com.android.systemui" content-desc="" checkable="false" checked="false" clickable="false" enabled="true" focusable="false" focused="false" scrollable="false" long-clickable="false" password="false" selected="false" visible-to-user="true" bounds="[82,20][157,80]">
                  <node index="0" text="1:46" resource-id="com.android.systemui:id/clock" class="android.widget.TextView" package="com.android.systemui" content-desc="1:46 AM" checkable="false" checked="false" clickable="false" enabled="true" focusable="false" focused="false" scrollable="false" long-clickable="false" password="false" selected="false" visible-to-user="true" bounds="[82,20][157,80]" />
                </node>
                <node index="2" text="" resource-id="com.android.systemui:id/notification_icon_area" class="android.widget.FrameLayout" package="com.android.systemui" content-desc="" checkable="false" checked="false" clickable="false" enabled="true" focusable="false" focused="false" scrollable="false" long-clickable="false" password="false" selected="false" visible-to-user="true" bounds="[165,20][495,80]">
                  <node index="0" text="" resource-id="com.android.systemui:id/notification_icon_area_inner" class="android.widget.LinearLayout" package="com.android.systemui" content-desc="" checkable="false" checked="false" clickable="false" enabled="true" focusable="false" focused="false" scrollable="false" long-clickable="false" password="false" selected="false" visible-to-user="true" bounds="[165,20][495,80]">
                    <node index="0" text="" resource-id="com.android.systemui:id/notificationIcons" class="android.widget.FrameLayout" package="com.android.systemui" content-desc="" checkable="false" checked="false" clickable="false" enabled="true" focusable="false" focused="false" scrollable="false" long-clickable="false" password="false" selected="false" visible-to-user="true" bounds="[165,20][495,80]">
                      <node index="0" text="" resource-id="" class="android.widget.ImageView" package="com.android.systemui" content-desc="Internet Speed Meter Lite notification: Down: 907 B/s   Up: 598 B/s     Signal 100%" checkable="false" checked="false" clickable="false" enabled="true" focusable="false" focused="false" scrollable="false" long-clickable="false" password="false" selected="false" visible-to-user="true" bounds="[165,20][212,80]" />
                      <node index="1" text="" resource-id="" class="android.widget.ImageView" package="com.android.systemui" content-desc="Snapchat notification: New notification" checkable="false" checked="false" clickable="false" enabled="true" focusable="false" focused="false" scrollable="false" long-clickable="false" password="false" selected="false" visible-to-user="true" bounds="[212,20][259,80]" />
                      <node index="2" text="" resource-id="" class="android.widget.ImageView" package="com.android.systemui" content-desc="AirDroid notification: Notification Service is running" checkable="false" checked="false" clickable="false" enabled="true" focusable="false" focused="false" scrollable="false" long-clickable="false" password="false" selected="false" visible-to-user="true" bounds="[259,20][306,80]" />
                      <node index="3" text="" resource-id="" class="android.widget.ImageView" package="com.android.systemui" content-desc="ATX notification: UIAutomator" checkable="false" checked="false" clickable="false" enabled="true" focusable="false" focused="false" scrollable="false" long-clickable="false" password="false" selected="false" visible-to-user="true" bounds="[306,20][353,80]" />
                      <node index="4" text="" resource-id="" class="android.widget.ImageView" package="com.android.systemui" content-desc="Snapchat notification: Randhir Singh Sidhu" checkable="false" checked="false" clickable="false" enabled="true" focusable="false" focused="false" scrollable="false" long-clickable="false" password="false" selected="false" visible-to-user="true" bounds="[324,20][371,80]" />
                      <node index="5" text="" resource-id="" class="android.widget.ImageView" package="com.android.systemui" content-desc="Snapchat notification: Simransingh_010" checkable="false" checked="false" clickable="false" enabled="true" focusable="false" focused="false" scrollable="false" long-clickable="false" password="false" selected="false" visible-to-user="true" bounds="[324,20][371,80]" />
                      <node index="6" text="" resource-id="" class="android.widget.ImageView" package="com.android.systemui" content-desc="JioTV notification: An innings filled with milest&#128525;nes &#128293;&#127951;" checkable="false" checked="false" clickable="false" enabled="true" focusable="false" focused="false" scrollable="false" long-clickable="false" password="false" selected="false" visible-to-user="true" bounds="[324,20][371,80]" />
                      <node index="7" text="" resource-id="" class="android.widget.ImageView" package="com.android.systemui" content-desc="Snapchat notification: gora_ nsr" checkable="false" checked="false" clickable="false" enabled="true" focusable="false" focused="false" scrollable="false" long-clickable="false" password="false" selected="false" visible-to-user="true" bounds="[324,20][371,80]" />
                      <node index="8" text="" resource-id="" class="android.widget.ImageView" package="com.android.systemui" content-desc="Snapchat notification: kAmAL01" checkable="false" checked="false" clickable="false" enabled="true" focusable="false" focused="false" scrollable="false" long-clickable="false" password="false" selected="false" visible-to-user="true" bounds="[324,20][371,80]" />
                      <node index="9" text="" resource-id="" class="android.widget.ImageView" package="com.android.systemui" content-desc="Snapchat notification: Ranvir Sarai" checkable="false" checked="false" clickable="false" enabled="true" focusable="false" focused="false" scrollable="false" long-clickable="false" password="false" selected="false" visible-to-user="true" bounds="[324,20][371,80]" />
                      <node index="10" text="" resource-id="" class="android.widget.ImageView" package="com.android.systemui" content-desc="Snapchat notification: ★Sᴀʀᴅᴀʀ•ᴊɪ™★" checkable="false" checked="false" clickable="false" enabled="true" focusable="false" focused="false" scrollable="false" long-clickable="false" password="false" selected="false" visible-to-user="true" bounds="[324,20][371,80]" />
                      <node index="11" text="" resource-id="" class="android.widget.ImageView" package="com.android.systemui" content-desc="Snapchat notification: &#119816;&#119821;&#119811;&#119812;&#119825;&#119829;&#119816;&#119825; &#119809;&#119825;&#119808;&#119825; ✪" checkable="false" checked="false" clickable="false" enabled="true" focusable="false" focused="false" scrollable="false" long-clickable="false" password="false" selected="false" visible-to-user="true" bounds="[324,20][371,80]" />
                      <node index="12" text="" resource-id="" class="android.widget.ImageView" package="com.android.systemui" content-desc="Snapchat notification: ਸਿਮਰਨ ਵਿਰਕ" checkable="false" checked="false" clickable="false" enabled="true" focusable="false" focused="false" scrollable="false" long-clickable="false" password="false" selected="false" visible-to-user="true" bounds="[324,20][371,80]" />
                      <node index="13" text="" resource-id="" class="android.widget.ImageView" package="com.android.systemui" content-desc="Snapchat notification: Harry Randhawa&#128420;♥️" checkable="false" checked="false" clickable="false" enabled="true" focusable="false" focused="false" scrollable="false" long-clickable="false" password="false" selected="false" visible-to-user="true" bounds="[324,20][371,80]" />
                      <node index="14" text="" resource-id="" class="android.widget.ImageView" package="com.android.systemui" content-desc="Snapchat notification: Kyna" checkable="false" checked="false" clickable="false" enabled="true" focusable="false" focused="false" scrollable="false" long-clickable="false" password="false" selected="false" visible-to-user="true" bounds="[324,20][371,80]" />
                      <node index="15" text="" resource-id="" class="android.widget.ImageView" package="com.android.systemui" content-desc="Snapchat notification: gurmilap gill" checkable="false" checked="false" clickable="false" enabled="true" focusable="false" focused="false" scrollable="false" long-clickable="false" password="false" selected="false" visible-to-user="true" bounds="[324,20][371,80]" />
                      <node index="16" text="" resource-id="" class="android.widget.ImageView" package="com.android.systemui" content-desc="Snapchat notification: Bhupinder Singh" checkable="false" checked="false" clickable="false" enabled="true" focusable="false" focused="false" scrollable="false" long-clickable="false" password="false" selected="false" visible-to-user="true" bounds="[324,20][371,80]" />
                      <node index="17" text="" resource-id="" class="android.widget.ImageView" package="com.android.systemui" content-desc="Reddit notification: algotrading:" checkable="false" checked="false" clickable="false" enabled="true" focusable="false" focused="false" scrollable="false" long-clickable="false" password="false" selected="false" visible-to-user="true" bounds="[324,20][371,80]" />
                      <node index="18" text="" resource-id="" class="android.widget.ImageView" package="com.android.systemui" content-desc="Snapchat notification: Jot" checkable="false" checked="false" clickable="false" enabled="true" focusable="false" focused="false" scrollable="false" long-clickable="false" password="false" selected="false" visible-to-user="true" bounds="[324,20][371,80]" />
                      <node index="19" text="" resource-id="" class="android.widget.ImageView" package="com.android.systemui" content-desc="Snapchat notification: Arsh Cs Go" checkable="false" checked="false" clickable="false" enabled="true" focusable="false" focused="false" scrollable="false" long-clickable="false" password="false" selected="false" visible-to-user="true" bounds="[324,20][371,80]" />
                      <node index="20" text="" resource-id="" class="android.widget.ImageView" package="com.android.systemui" content-desc="Samsung account notification: Samsung account legal terms updated" checkable="false" checked="false" clickable="false" enabled="true" focusable="false" focused="false" scrollable="false" long-clickable="false" password="false" selected="false" visible-to-user="true" bounds="[324,20][371,80]" />
                      <node index="21" text="" resource-id="" class="android.widget.ImageView" package="com.android.systemui" content-desc="Snapchat notification: ❤️❤️" checkable="false" checked="false" clickable="false" enabled="true" focusable="false" focused="false" scrollable="false" long-clickable="false" password="false" selected="false" visible-to-user="true" bounds="[324,20][371,80]" />
                      <node index="22" text="" resource-id="" class="android.widget.ImageView" package="com.android.systemui" content-desc="Snapchat notification: Param Gill" checkable="false" checked="false" clickable="false" enabled="true" focusable="false" focused="false" scrollable="false" long-clickable="false" password="false" selected="false" visible-to-user="true" bounds="[324,20][371,80]" />
                      <node index="23" text="" resource-id="" class="android.widget.ImageView" package="com.android.systemui" content-desc="Snapchat notification: Karan Bhagat" checkable="false" checked="false" clickable="false" enabled="true" focusable="false" focused="false" scrollable="false" long-clickable="false" password="false" selected="false" visible-to-user="true" bounds="[324,20][371,80]" />
                      <node index="24" text="" resource-id="" class="android.widget.ImageView" package="com.android.systemui" content-desc="Snapchat notification: Kamal Bhagat" checkable="false" checked="false" clickable="false" enabled="true" focusable="false" focused="false" scrollable="false" long-clickable="false" password="false" selected="false" visible-to-user="true" bounds="[324,20][371,80]" />
                      <node index="25" text="" resource-id="" class="android.widget.ImageView" package="com.android.systemui" content-desc="Snapchat notification: Sidhu Sabb" checkable="false" checked="false" clickable="false" enabled="true" focusable="false" focused="false" scrollable="false" long-clickable="false" password="false" selected="false" visible-to-user="true" bounds="[324,20][371,80]" />
                      <node index="26" text="" resource-id="" class="android.widget.ImageView" package="com.android.systemui" content-desc="Snapchat notification: Navu Arzoo" checkable="false" checked="false" clickable="false" enabled="true" focusable="false" focused="false" scrollable="false" long-clickable="false" password="false" selected="false" visible-to-user="true" bounds="[324,20][371,80]" />
                      <node index="27" text="" resource-id="" class="android.widget.ImageView" package="com.android.systemui" content-desc="Snapchat notification: hrmn brar &#128420;" checkable="false" checked="false" clickable="false" enabled="true" focusable="false" focused="false" scrollable="false" long-clickable="false" password="false" selected="false" visible-to-user="true" bounds="[324,20][371,80]" />
                      <node index="28" text="" resource-id="" class="android.widget.ImageView" package="com.android.systemui" content-desc="Snapchat notification: arsh sandhu" checkable="false" checked="false" clickable="false" enabled="true" focusable="false" focused="false" scrollable="false" long-clickable="false" password="false" selected="false" visible-to-user="true" bounds="[324,20][371,80]" />
                      <node index="29" text="" resource-id="" class="android.widget.ImageView" package="com.android.systemui" content-desc="Google notification: IND vs BAN · Watch match recap" checkable="false" checked="false" clickable="false" enabled="true" focusable="false" focused="false" scrollable="false" long-clickable="false" password="false" selected="false" visible-to-user="true" bounds="[324,20][371,80]" />
                      <node index="30" text="" resource-id="" class="android.widget.ImageView" package="com.android.systemui" content-desc="Link to Windows notification: Connected to your PC" checkable="false" checked="false" clickable="false" enabled="true" focusable="false" focused="false" scrollable="false" long-clickable="false" password="false" selected="false" visible-to-user="true" bounds="[324,20][371,80]" />
                      <node index="31" text="" resource-id="" class="android.widget.ImageView" package="com.android.systemui" content-desc="Snapchat notification: Navjot Gpc New" checkable="false" checked="false" clickable="false" enabled="true" focusable="false" focused="false" scrollable="false" long-clickable="false" password="false" selected="false" visible-to-user="true" bounds="[324,20][371,80]" />
                      <node index="32" text="" resource-id="" class="android.widget.ImageView" package="com.android.systemui" content-desc="Google notification: Mint" checkable="false" checked="false" clickable="false" enabled="true" focusable="false" focused="false" scrollable="false" long-clickable="false" password="false" selected="false" visible-to-user="true" bounds="[324,20][371,80]" />
                      <node index="33" text="" resource-id="" class="android.widget.ImageView" package="com.android.systemui" content-desc="Twitter notification: " checkable="false" checked="false" clickable="false" enabled="true" focusable="false" focused="false" scrollable="false" long-clickable="false" password="false" selected="false" visible-to-user="true" bounds="[324,20][371,80]" />
                      <node index="34" text="" resource-id="" class="android.widget.ImageView" package="com.android.systemui" content-desc="Snapchat notification: &#128081;T A R U N&#128081;" checkable="false" checked="false" clickable="false" enabled="true" focusable="false" focused="false" scrollable="false" long-clickable="false" password="false" selected="false" visible-to-user="true" bounds="[324,20][371,80]" />
                      <node index="35" text="" resource-id="" class="android.widget.ImageView" package="com.android.systemui" content-desc="Instagram notification: (brownmunde_95): Priya Cuttie shared a reel" checkable="false" checked="false" clickable="false" enabled="true" focusable="false" focused="false" scrollable="false" long-clickable="false" password="false" selected="false" visible-to-user="true" bounds="[324,20][371,80]" />
                      <node index="36" text="" resource-id="" class="android.widget.ImageView" package="com.android.systemui" content-desc="Snapchat notification: Gur Brar" checkable="false" checked="false" clickable="false" enabled="true" focusable="false" focused="false" scrollable="false" long-clickable="false" password="false" selected="false" visible-to-user="true" bounds="[324,20][371,80]" />
                      <node index="37" text="" resource-id="" class="android.widget.ImageView" package="com.android.systemui" content-desc="Instagram notification: New notification" checkable="false" checked="false" clickable="false" enabled="true" focusable="false" focused="false" scrollable="false" long-clickable="false" password="false" selected="false" visible-to-user="true" bounds="[324,20][371,80]" />
                      <node index="38" text="" resource-id="" class="android.widget.ImageView" package="com.android.systemui" content-desc='Facebook notification: RJ Maruf Ahmed likes your post in Free IELTS preparation: "From where can i get writing task 2..."' checkable="false" checked="false" clickable="false" enabled="true" focusable="false" focused="false" scrollable="false" long-clickable="false" password="false" selected="false" visible-to-user="true" bounds="[324,20][371,80]" />
                      <node index="39" text="" resource-id="" class="android.widget.ImageView" package="com.android.systemui" content-desc="System UI notification: Do not disturb turned on" checkable="false" checked="false" clickable="false" enabled="true" focusable="false" focused="false" scrollable="false" long-clickable="false" password="false" selected="false" visible-to-user="true" bounds="[324,20][371,80]" />
                      <node index="40" text="" resource-id="" class="android.widget.ImageView" package="com.android.systemui" content-desc="Clash of Clans notification: Your army is ready to take into battle!" checkable="false" checked="false" clickable="false" enabled="true" focusable="false" focused="false" scrollable="false" long-clickable="false" password="false" selected="false" visible-to-user="true" bounds="[324,20][371,80]" />
                    </node>
                  </node>
                </node>
              </node>
            </node>
            <node index="2" text="" resource-id="com.android.systemui:id/system_icon_area" class="android.widget.LinearLayout" package="com.android.systemui" content-desc="" checkable="false" checked="false" clickable="false" enabled="true" focusable="false" focused="false" scrollable="false" long-clickable="false" password="false" selected="false" visible-to-user="true" bounds="[663,20][998,80]">
              <node index="0" text="" resource-id="" class="android.widget.FrameLayout" package="com.android.systemui" content-desc="" checkable="false" checked="false" clickable="false" enabled="true" focusable="false" focused="false" scrollable="false" long-clickable="false" password="false" selected="false" visible-to-user="true" bounds="[663,20][998,80]">
                <node index="0" text="" resource-id="com.android.systemui:id/system_icons" class="android.widget.LinearLayout" package="com.android.systemui" content-desc="" checkable="false" checked="false" clickable="false" enabled="true" focusable="false" focused="false" scrollable="false" long-clickable="false" password="false" selected="false" visible-to-user="true" bounds="[663,20][998,80]">
                  <node index="0" text="" resource-id="com.android.systemui:id/statusIcons" class="android.widget.LinearLayout" package="com.android.systemui" content-desc="" checkable="false" checked="false" clickable="false" enabled="true" focusable="false" focused="false" scrollable="false" long-clickable="false" password="false" selected="false" visible-to-user="true" bounds="[663,20][891,80]">
                    <node index="0" text="" resource-id="com.android.systemui:id/wifi_combo" class="android.widget.FrameLayout" package="com.android.systemui" content-desc="Wifi signal full." checkable="false" checked="false" clickable="false" enabled="true" focusable="false" focused="false" scrollable="false" long-clickable="false" password="false" selected="false" visible-to-user="true" bounds="[751,30][805,69]">
                      <node index="0" text="" resource-id="com.android.systemui:id/wifi_group" class="android.widget.LinearLayout" package="com.android.systemui" content-desc="" checkable="false" checked="false" clickable="false" enabled="true" focusable="false" focused="false" scrollable="false" long-clickable="false" password="false" selected="false" visible-to-user="true" bounds="[751,30][805,69]">
                        <node index="0" text="" resource-id="com.android.systemui:id/wifi_iconset" class="android.widget.FrameLayout" package="com.android.systemui" content-desc="" checkable="false" checked="false" clickable="false" enabled="true" focusable="false" focused="false" scrollable="false" long-clickable="false" password="false" selected="false" visible-to-user="true" bounds="[751,31][798,68]">
                          <node index="0" text="" resource-id="com.android.systemui:id/wifi_signal" class="android.widget.ImageView" package="com.android.systemui" content-desc="" checkable="false" checked="false" clickable="false" enabled="true" focusable="false" focused="false" scrollable="false" long-clickable="false" password="false" selected="false" visible-to-user="true" bounds="[751,31][798,68]" />
                          <node index="1" text="" resource-id="com.android.systemui:id/wifi_activity" class="android.widget.ImageView" package="com.android.systemui" content-desc="" checkable="false" checked="false" clickable="false" enabled="true" focusable="false" focused="false" scrollable="false" long-clickable="false" password="false" selected="false" visible-to-user="true" bounds="[751,31][798,68]" />
                        </node>
                        <node index="1" text="" resource-id="com.android.systemui:id/wifi_signal_spacer" class="android.view.View" package="com.android.systemui" content-desc="" checkable="false" checked="false" clickable="false" enabled="true" focusable="false" focused="false" scrollable="false" long-clickable="false" password="false" selected="false" visible-to-user="true" bounds="[798,44][805,55]" />
                      </node>
                    </node>
                    <node index="1" text="" resource-id="" class="android.widget.ImageView" package="com.android.systemui" content-desc="Bluetooth connected." checkable="false" checked="false" clickable="false" enabled="true" focusable="false" focused="false" scrollable="false" long-clickable="false" password="false" selected="false" visible-to-user="true" bounds="[663,30][703,69]" />
                    <node index="2" text="" resource-id="" class="android.widget.ImageView" package="com.android.systemui" content-desc="Ringer silent." checkable="false" checked="false" clickable="false" enabled="true" focusable="false" focused="false" scrollable="false" long-clickable="false" password="false" selected="false" visible-to-user="true" bounds="[706,30][748,69]" />
                    <node index="3" text="" resource-id="" class="android.widget.ImageView" package="com.android.systemui" content-desc="VoLTE" checkable="false" checked="false" clickable="false" enabled="true" focusable="false" focused="false" scrollable="false" long-clickable="false" password="false" selected="false" visible-to-user="true" bounds="[805,30][849,69]" />
                    <node index="4" text="" resource-id="com.android.systemui:id/mobile_combo" class="android.widget.FrameLayout" package="com.android.systemui" content-desc="" checkable="false" checked="false" clickable="false" enabled="true" focusable="false" focused="false" scrollable="false" long-clickable="false" password="false" selected="false" visible-to-user="true" bounds="[849,30][891,69]">
                      <node index="0" text="" resource-id="com.android.systemui:id/mobile_group" class="android.widget.LinearLayout" package="com.android.systemui" content-desc="" checkable="false" checked="false" clickable="false" enabled="true" focusable="false" focused="false" scrollable="false" long-clickable="false" password="false" selected="false" visible-to-user="true" bounds="[849,30][891,69]">
                        <node index="0" text="" resource-id="com.android.systemui:id/signal_combo" class="android.widget.FrameLayout" package="com.android.systemui" content-desc="" checkable="false" checked="false" clickable="false" enabled="true" focusable="false" focused="false" scrollable="false" long-clickable="false" password="false" selected="false" visible-to-user="true" bounds="[849,30][891,69]">
                          <node index="0" text="" resource-id="com.android.systemui:id/mobile_signal" class="android.widget.ImageView" package="com.android.systemui" content-desc="Phone signal full." checkable="false" checked="false" clickable="false" enabled="true" focusable="false" focused="false" scrollable="false" long-clickable="false" password="false" selected="false" visible-to-user="true" bounds="[849,30][891,69]" />
                        </node>
                      </node>
                    </node>
                  </node>
                  <node index="1" text="" resource-id="com.android.systemui:id/battery" class="android.widget.LinearLayout" package="com.android.systemui" content-desc="Battery charging, 78 percent." checkable="false" checked="false" clickable="false" enabled="true" focusable="false" focused="false" scrollable="false" long-clickable="false" password="false" selected="false" visible-to-user="true" bounds="[899,20][998,80]">
                    <node index="0" text="78%" resource-id="com.android.systemui:id/battery_percentage_view" class="android.widget.TextView" package="com.android.systemui" content-desc="" checkable="false" checked="false" clickable="false" enabled="true" focusable="false" focused="false" scrollable="false" long-clickable="false" password="false" selected="false" visible-to-user="true" bounds="[899,20][972,80]" />
                    <node index="1" text="" resource-id="" class="android.widget.ImageView" package="com.android.systemui" content-desc="" checkable="false" checked="false" clickable="false" enabled="true" focusable="false" focused="false" scrollable="false" long-clickable="false" password="false" selected="false" visible-to-user="true" bounds="[977,31][998,68]" />
                  </node>
                </node>
              </node>
            </node>
          </node>
        </node>
      </node>
    </node>
    <node index="2" text="" resource-id="com.android.systemui:id/container" class="android.widget.FrameLayout" package="com.android.systemui" content-desc="" checkable="false" checked="false" clickable="false" enabled="true" focusable="false" focused="false" scrollable="false" long-clickable="false" password="false" selected="false" visible-to-user="true" bounds="[0,0][1080,80]" />
  </node>
  <node index="0" text="" resource-id="" class="android.widget.FrameLayout" package="com.samsung.android.app.cocktailbarservice" content-desc="" checkable="false" checked="false" clickable="false" enabled="true" focusable="false" focused="false" scrollable="false" long-clickable="false" password="false" selected="false" visible-to-user="true" bounds="[1038,464][1080,798]">
    <node index="0" text="" resource-id="" class="android.widget.LinearLayout" package="com.samsung.android.app.cocktailbarservice" content-desc="" checkable="false" checked="false" clickable="false" enabled="true" focusable="false" focused="false" scrollable="false" long-clickable="false" password="false" selected="false" visible-to-user="true" bounds="[1038,464][1080,798]">
      <node index="0" text="" resource-id="android:id/content" class="android.widget.FrameLayout" package="com.samsung.android.app.cocktailbarservice" content-desc="" checkable="false" checked="false" clickable="false" enabled="true" focusable="false" focused="false" scrollable="false" long-clickable="false" password="false" selected="false" visible-to-user="true" bounds="[1038,464][1080,798]">
        <node index="0" text="" resource-id="" class="android.widget.FrameLayout" package="com.samsung.android.app.cocktailbarservice" content-desc="" checkable="false" checked="false" clickable="false" enabled="true" focusable="false" focused="false" scrollable="false" long-clickable="false" password="false" selected="false" visible-to-user="true" bounds="[1038,464][1080,798]">
          <node index="0" text="" resource-id="com.samsung.android.app.cocktailbarservice:id/trigger_layout_container" class="android.widget.RelativeLayout" package="com.samsung.android.app.cocktailbarservice" content-desc="Edge panels" checkable="false" checked="false" clickable="true" enabled="true" focusable="true" focused="false" scrollable="false" long-clickable="false" password="false" selected="false" visible-to-user="true" bounds="[1038,464][1080,798]">
            <node index="0" text="" resource-id="com.samsung.android.app.cocktailbarservice:id/trigger_layout" class="android.widget.FrameLayout" package="com.samsung.android.app.cocktailbarservice" content-desc="Edge panels" checkable="false" checked="false" clickable="false" enabled="true" focusable="false" focused="false" scrollable="false" long-clickable="false" password="false" selected="false" visible-to-user="true" bounds="[1069,464][1080,798]">
              <node index="0" text="" resource-id="com.samsung.android.app.cocktailbarservice:id/default_trigger" class="android.widget.ImageView" package="com.samsung.android.app.cocktailbarservice" content-desc="" checkable="false" checked="false" clickable="false" enabled="true" focusable="false" focused="false" scrollable="false" long-clickable="false" password="false" selected="false" visible-to-user="true" bounds="[1069,464][1080,798]" />
              <node index="1" text="" resource-id="com.samsung.android.app.cocktailbarservice:id/default_trigger_stroke" class="android.widget.ImageView" package="com.samsung.android.app.cocktailbarservice" content-desc="" checkable="false" checked="false" clickable="false" enabled="true" focusable="false" focused="false" scrollable="false" long-clickable="false" password="false" selected="false" visible-to-user="true" bounds="[1069,464][1080,798]" />
            </node>
          </node>
        </node>
      </node>
    </node>
  </node>
  <node index="0" text="" resource-id="" class="android.widget.FrameLayout" package="com.instagram.android" content-desc="" checkable="false" checked="false" clickable="false" enabled="true" focusable="false" focused="false" scrollable="false" long-clickable="false" password="false" selected="false" visible-to-user="true" bounds="[0,0][1080,2194]">
    <node index="0" text="" resource-id="" class="android.widget.LinearLayout" package="com.instagram.android" content-desc="" checkable="false" checked="false" clickable="false" enabled="true" focusable="false" focused="false" scrollable="false" long-clickable="false" password="false" selected="false" visible-to-user="true" bounds="[0,0][1080,2194]">
      <node index="0" text="" resource-id="" class="android.widget.FrameLayout" package="com.instagram.android" content-desc="" checkable="false" checked="false" clickable="false" enabled="true" focusable="false" focused="false" scrollable="false" long-clickable="false" password="false" selected="false" visible-to-user="true" bounds="[0,0][1080,2194]">
        <node index="0" text="" resource-id="com.instagram.android:id/action_bar_root" class="android.widget.LinearLayout" package="com.instagram.android" content-desc="" checkable="false" checked="false" clickable="false" enabled="true" focusable="false" focused="false" scrollable="false" long-clickable="false" password="false" selected="false" visible-to-user="true" bounds="[0,0][1080,2194]">
          <node index="0" text="" resource-id="android:id/content" class="android.widget.FrameLayout" package="com.instagram.android" content-desc="" checkable="false" checked="false" clickable="false" enabled="true" focusable="false" focused="false" scrollable="false" long-clickable="false" password="false" selected="false" visible-to-user="true" bounds="[0,0][1080,2194]">
            <node index="0" text="" resource-id="com.instagram.android:id/swipe_navigation_container" class="android.widget.FrameLayout" package="com.instagram.android" content-desc="" checkable="false" checked="false" clickable="false" enabled="true" focusable="false" focused="false" scrollable="false" long-clickable="false" password="false" selected="false" visible-to-user="true" bounds="[0,0][1080,2194]">
              <node index="1" text="" resource-id="com.instagram.android:id/layout_container_center_right_coordinator_layout" class="android.view.ViewGroup" package="com.instagram.android" content-desc="" checkable="false" checked="false" clickable="false" enabled="true" focusable="false" focused="false" scrollable="false" long-clickable="false" password="false" selected="false" visible-to-user="true" bounds="[0,0][1080,2194]">
                <node index="1" text="" resource-id="com.instagram.android:id/layout_container_main_panel" class="android.widget.FrameLayout" package="com.instagram.android" content-desc="" checkable="false" checked="false" clickable="false" enabled="true" focusable="false" focused="false" scrollable="false" long-clickable="false" password="false" selected="false" visible-to-user="true" bounds="[0,80][1080,2194]">
                  <node index="0" text="" resource-id="com.instagram.android:id/layout_container_main" class="android.widget.FrameLayout" package="com.instagram.android" content-desc="" checkable="false" checked="false" clickable="false" enabled="true" focusable="false" focused="false" scrollable="false" long-clickable="false" password="false" selected="false" visible-to-user="true" bounds="[0,80][1080,2148]">
                    <node index="0" text="" resource-id="com.instagram.android:id/layout_recyclerview_parent_container" class="android.widget.FrameLayout" package="com.instagram.android" content-desc="" checkable="false" checked="false" clickable="false" enabled="true" focusable="false" focused="false" scrollable="false" long-clickable="false" password="false" selected="false" visible-to-user="true" bounds="[0,80][1080,2148]">
                      <node index="0" text="" resource-id="com.instagram.android:id/refreshable_container" class="android.widget.FrameLayout" package="com.instagram.android" content-desc="" checkable="false" checked="false" clickable="false" enabled="true" focusable="false" focused="false" scrollable="false" long-clickable="false" password="false" selected="false" visible-to-user="true" bounds="[0,80][1080,2148]">
                        <node index="0" text="" resource-id="com.instagram.android:id/recycler_view" class="androidx.recyclerview.widget.RecyclerView" package="com.instagram.android" content-desc="" checkable="false" checked="false" clickable="false" enabled="true" focusable="true" focused="false" scrollable="true" long-clickable="false" password="false" selected="false" visible-to-user="true" bounds="[0,80][1080,2148]">
                          <node index="0" text="" resource-id="com.instagram.android:id/image_button" class="android.widget.Button" package="com.instagram.android" content-desc="5 photos by Daily Moto Media at row 1, column 1" checkable="false" checked="false" clickable="true" enabled="true" focusable="true" focused="false" scrollable="false" long-clickable="false" password="false" selected="false" visible-to-user="true" bounds="[0,228][356,584]" />
                          <node index="1" text="" resource-id="com.instagram.android:id/image_button" class="android.widget.Button" package="com.instagram.android" content-desc="Photo by Prabh Dhaliwal at Row 1, Column 2" checkable="false" checked="false" clickable="true" enabled="true" focusable="true" focused="false" scrollable="false" long-clickable="false" password="false" selected="false" visible-to-user="true" bounds="[362,228][718,584]" />
                          <node index="2" text="" resource-id="com.instagram.android:id/image_button" class="android.widget.Button" package="com.instagram.android" content-desc="2 photos by MrGymBro at row 2, column 1" checkable="false" checked="false" clickable="true" enabled="true" focusable="true" focused="false" scrollable="false" long-clickable="false" password="false" selected="false" visible-to-user="true" bounds="[0,590][356,946]" />
                          <node index="3" text="" resource-id="com.instagram.android:id/image_button" class="android.widget.Button" package="com.instagram.android" content-desc="8 photos by Beauty l Fashion l Memes at row 2, column 2" checkable="false" checked="false" clickable="true" enabled="true" focusable="true" focused="false" scrollable="false" long-clickable="false" password="false" selected="false" visible-to-user="true" bounds="[362,590][718,946]" />
                          <node index="4" text="" resource-id="com.instagram.android:id/layout_container" class="android.widget.FrameLayout" package="com.instagram.android" content-desc="" checkable="false" checked="false" clickable="true" enabled="true" focusable="true" focused="false" scrollable="false" long-clickable="false" password="false" selected="false" visible-to-user="true" bounds="[724,228][1080,946]">
                            <node index="0" text="" resource-id="com.instagram.android:id/image_preview" class="android.widget.ImageView" package="com.instagram.android" content-desc="Reel by Madhura Mohod at row 1, column 3" checkable="false" checked="false" clickable="true" enabled="true" focusable="true" focused="false" scrollable="false" long-clickable="false" password="false" selected="false" visible-to-user="true" bounds="[724,228][1080,946]" />
                            <node index="1" text="" resource-id="" class="android.view.View" package="com.instagram.android" content-desc="" checkable="false" checked="false" clickable="false" enabled="true" focusable="false" focused="false" scrollable="false" long-clickable="false" password="false" selected="false" visible-to-user="true" bounds="[724,228][1080,946]" />
                            <node index="2" text="" resource-id="com.instagram.android:id/redesign_icon_image" class="android.widget.ImageView" package="com.instagram.android" content-desc="" checkable="false" checked="false" clickable="false" enabled="true" focusable="false" focused="false" scrollable="false" long-clickable="false" password="false" selected="false" visible-to-user="true" bounds="[975,228][1080,333]" />
                          </node>
                          <node index="5" text="" resource-id="com.instagram.android:id/layout_container" class="android.widget.FrameLayout" package="com.instagram.android" content-desc="" checkable="false" checked="false" clickable="true" enabled="true" focusable="true" focused="false" scrollable="false" long-clickable="false" password="false" selected="false" visible-to-user="true" bounds="[0,952][356,1670]">
                            <node index="0" text="" resource-id="com.instagram.android:id/image_preview" class="android.widget.ImageView" package="com.instagram.android" content-desc="Reel by Cat Planet &#128049;&#128008; at row 3, column 1" checkable="false" checked="false" clickable="true" enabled="true" focusable="true" focused="false" scrollable="false" long-clickable="false" password="false" selected="false" visible-to-user="true" bounds="[0,952][356,1670]" />
                            <node index="1" text="" resource-id="com.instagram.android:id/redesign_icon_image" class="android.widget.ImageView" package="com.instagram.android" content-desc="" checkable="false" checked="false" clickable="false" enabled="true" focusable="false" focused="false" scrollable="false" long-clickable="false" password="false" selected="false" visible-to-user="true" bounds="[251,952][356,1057]" />
                          </node>
                          <node index="6" text="" resource-id="com.instagram.android:id/image_button" class="android.widget.Button" package="com.instagram.android" content-desc="Photo by Ashu Dhoundiyal at Row 3, Column 2" checkable="false" checked="false" clickable="true" enabled="true" focusable="true" focused="false" scrollable="false" long-clickable="false" password="false" selected="false" visible-to-user="true" bounds="[362,952][718,1308]" />
                          <node index="7" text="" resource-id="com.instagram.android:id/image_button" class="android.widget.Button" package="com.instagram.android" content-desc="Photo by Bollywood Buzzinga &#129535; at Row 3, Column 3" checkable="false" checked="false" clickable="true" enabled="true" focusable="true" focused="false" scrollable="false" long-clickable="false" password="false" selected="false" visible-to-user="true" bounds="[724,952][1080,1308]" />
                          <node index="8" text="" resource-id="com.instagram.android:id/image_button" class="android.widget.Button" package="com.instagram.android" content-desc="3 photos by jass_bajwa at row 4, column 2" checkable="false" checked="false" clickable="true" enabled="true" focusable="true" focused="false" scrollable="false" long-clickable="false" password="false" selected="false" visible-to-user="true" bounds="[362,1314][718,1670]" />
                          <node index="9" text="" resource-id="com.instagram.android:id/image_button" class="android.widget.Button" package="com.instagram.android" content-desc="5 photos by Shiwani jha at row 4, column 3" checkable="false" checked="false" clickable="true" enabled="true" focusable="true" focused="false" scrollable="false" long-clickable="false" password="false" selected="false" visible-to-user="true" bounds="[724,1314][1080,1670]" />
                          <node index="10" text="" resource-id="com.instagram.android:id/layout_container" class="android.widget.FrameLayout" package="com.instagram.android" content-desc="" checkable="false" checked="false" clickable="true" enabled="true" focusable="true" focused="false" scrollable="false" long-clickable="false" password="false" selected="false" visible-to-user="true" bounds="[0,1676][356,2148]">
                            <node index="0" text="" resource-id="com.instagram.android:id/image_preview" class="android.widget.ImageView" package="com.instagram.android" content-desc="Reel by Rinku Vlog at row 5, column 1" checkable="false" checked="false" clickable="true" enabled="true" focusable="true" focused="false" scrollable="false" long-clickable="false" password="false" selected="false" visible-to-user="true" bounds="[0,1676][356,2148]" />
                            <node index="1" text="" resource-id="com.instagram.android:id/redesign_icon_image" class="android.widget.ImageView" package="com.instagram.android" content-desc="" checkable="false" checked="false" clickable="false" enabled="true" focusable="false" focused="false" scrollable="false" long-clickable="false" password="false" selected="false" visible-to-user="true" bounds="[251,1676][356,1781]" />
                          </node>
                          <node index="11" text="" resource-id="com.instagram.android:id/image_button" class="android.widget.Button" package="com.instagram.android" content-desc="5 photos by Payal Malik at row 5, column 2" checkable="false" checked="false" clickable="true" enabled="true" focusable="true" focused="false" scrollable="false" long-clickable="false" password="false" selected="false" visible-to-user="true" bounds="[362,1676][718,2032]" />
                          <node index="12" text="" resource-id="com.instagram.android:id/image_button" class="android.widget.Button" package="com.instagram.android" content-desc="6 photos and 1 video by ਕੁਦਰਤਿ at row 5, column 3" checkable="false" checked="false" clickable="true" enabled="true" focusable="true" focused="false" scrollable="false" long-clickable="false" password="false" selected="false" visible-to-user="true" bounds="[724,1676][1080,2032]" />
                          <node index="13" text="" resource-id="com.instagram.android:id/image_button" class="android.widget.Button" package="com.instagram.android" content-desc="Reel by Tanveer Khera at row 6, column 2" checkable="false" checked="false" clickable="true" enabled="true" focusable="true" focused="false" scrollable="false" long-clickable="false" password="false" selected="false" visible-to-user="true" bounds="[362,2038][718,2148]" />
                          <node index="14" text="" resource-id="com.instagram.android:id/image_button" class="android.widget.Button" package="com.instagram.android" content-desc="Reel by Kirti Verma at row 6, column 3" checkable="false" checked="false" clickable="true" enabled="true" focusable="true" focused="false" scrollable="false" long-clickable="false" password="false" selected="false" visible-to-user="true" bounds="[724,2038][1080,2148]" />
                        </node>
                      </node>
                    </node>
                  </node>
                  <node index="1" text="" resource-id="com.instagram.android:id/action_bar_container" class="android.widget.FrameLayout" package="com.instagram.android" content-desc="" checkable="false" checked="false" clickable="false" enabled="true" focusable="false" focused="false" scrollable="false" long-clickable="false" password="false" selected="false" visible-to-user="true" bounds="[0,80][1080,227]">
                    <node index="0" text="" resource-id="com.instagram.android:id/action_bar_wrapper" class="android.widget.FrameLayout" package="com.instagram.android" content-desc="" checkable="false" checked="false" clickable="false" enabled="true" focusable="false" focused="false" scrollable="false" long-clickable="false" password="false" selected="false" visible-to-user="true" bounds="[0,80][1080,227]">
                      <node index="0" text="" resource-id="com.instagram.android:id/action_bar" class="android.widget.LinearLayout" package="com.instagram.android" content-desc="" checkable="false" checked="false" clickable="true" enabled="true" focusable="true" focused="false" scrollable="false" long-clickable="false" password="false" selected="false" visible-to-user="true" bounds="[0,80][1080,227]">
                        <node index="0" text="" resource-id="com.instagram.android:id/action_bar_textview_custom_title_container" class="android.widget.FrameLayout" package="com.instagram.android" content-desc="" checkable="false" checked="false" clickable="false" enabled="true" focusable="false" focused="false" scrollable="false" long-clickable="false" password="false" selected="false" visible-to-user="true" bounds="[0,80][1059,227]">
                          <node index="0" text="" resource-id="com.instagram.android:id/action_bar_search_hints_text_layout" class="android.widget.FrameLayout" package="com.instagram.android" content-desc="" checkable="false" checked="false" clickable="false" enabled="true" focusable="false" focused="false" scrollable="false" long-clickable="false" password="false" selected="false" visible-to-user="true" bounds="[32,117][1027,201]">
                            <node index="0" text="Search" resource-id="com.instagram.android:id/action_bar_search_edit_text" class="android.widget.EditText" package="com.instagram.android" content-desc="" checkable="false" checked="false" clickable="true" enabled="true" focusable="true" focused="false" scrollable="false" long-clickable="true" password="false" selected="false" visible-to-user="true" bounds="[32,117][1027,201]" />
                          </node>
                        </node>
                      </node>
                    </node>
                  </node>
                  <node index="2" text="" resource-id="com.instagram.android:id/tab_bar_shadow" class="android.view.View" package="com.instagram.android" content-desc="" checkable="false" checked="false" clickable="false" enabled="true" focusable="false" focused="false" scrollable="false" long-clickable="false" password="false" selected="false" visible-to-user="true" bounds="[0,2147][1080,2148]" />
                  <node index="3" text="" resource-id="com.instagram.android:id/tab_bar" class="android.widget.LinearLayout" package="com.instagram.android" content-desc="" checkable="false" checked="false" clickable="false" enabled="true" focusable="false" focused="false" scrollable="false" long-clickable="false" password="false" selected="false" visible-to-user="true" bounds="[0,2148][1080,2194]">
                    <node index="0" text="" resource-id="com.instagram.android:id/feed_tab" class="android.widget.FrameLayout" package="com.instagram.android" content-desc="Home" checkable="false" checked="false" clickable="true" enabled="true" focusable="true" focused="false" scrollable="false" long-clickable="false" password="false" selected="false" visible-to-user="true" bounds="[0,2148][216,2194]">
                      <node index="0" text="" resource-id="com.instagram.android:id/wrapper" class="android.view.ViewGroup" package="com.instagram.android" content-desc="" checkable="false" checked="false" clickable="false" enabled="true" focusable="false" focused="false" scrollable="false" long-clickable="false" password="false" selected="false" visible-to-user="true" bounds="[0,2148][216,2194]">
                        <node index="0" text="" resource-id="com.instagram.android:id/container" class="android.widget.FrameLayout" package="com.instagram.android" content-desc="" checkable="false" checked="false" clickable="false" enabled="true" focusable="false" focused="false" scrollable="false" long-clickable="false" password="false" selected="false" visible-to-user="true" bounds="[77,2180][140,2194]">
                          <node index="0" text="" resource-id="com.instagram.android:id/tab_icon" class="android.widget.ImageView" package="com.instagram.android" content-desc="" checkable="false" checked="false" clickable="false" enabled="true" focusable="false" focused="false" scrollable="false" long-clickable="false" password="false" selected="false" visible-to-user="true" bounds="[77,2180][140,2194]" />
                        </node>
                        <node index="1" text="" resource-id="com.instagram.android:id/dot_badge" class="android.view.View" package="com.instagram.android" content-desc="" checkable="false" checked="false" clickable="false" enabled="true" focusable="false" focused="false" scrollable="false" long-clickable="false" password="false" selected="false" visible-to-user="true" bounds="[103,2248][114,2259]" />
                      </node>
                    </node>
                    <node index="1" text="" resource-id="com.instagram.android:id/search_tab" class="android.widget.FrameLayout" package="com.instagram.android" content-desc="Search and explore" checkable="false" checked="false" clickable="true" enabled="true" focusable="true" focused="false" scrollable="false" long-clickable="true" password="false" selected="true" visible-to-user="true" bounds="[216,2148][432,2194]">
                      <node index="0" text="" resource-id="com.instagram.android:id/tab_icon" class="android.widget.ImageView" package="com.instagram.android" content-desc="" checkable="false" checked="false" clickable="false" enabled="true" focusable="false" focused="false" scrollable="false" long-clickable="false" password="false" selected="true" visible-to-user="true" bounds="[292,2179][355,2194]" />
                    </node>
                    <node index="2" text="" resource-id="com.instagram.android:id/clips_tab" class="android.widget.FrameLayout" package="com.instagram.android" content-desc="Reels" checkable="false" checked="false" clickable="true" enabled="true" focusable="true" focused="false" scrollable="false" long-clickable="false" password="false" selected="false" visible-to-user="true" bounds="[432,2148][648,2194]">
                      <node index="0" text="" resource-id="com.instagram.android:id/tab_icon" class="android.widget.ImageView" package="com.instagram.android" content-desc="" checkable="false" checked="false" clickable="false" enabled="true" focusable="false" focused="false" scrollable="false" long-clickable="false" password="false" selected="false" visible-to-user="true" bounds="[508,2179][571,2194]" />
                    </node>
                    <node index="3" text="" resource-id="com.instagram.android:id/news_tab" class="android.widget.FrameLayout" package="com.instagram.android" content-desc="Activity" checkable="false" checked="false" clickable="true" enabled="true" focusable="true" focused="false" scrollable="false" long-clickable="false" password="false" selected="false" visible-to-user="true" bounds="[648,2148][864,2194]">
                      <node index="0" text="" resource-id="com.instagram.android:id/wrapper" class="android.view.ViewGroup" package="com.instagram.android" content-desc="" checkable="false" checked="false" clickable="false" enabled="true" focusable="false" focused="false" scrollable="false" long-clickable="false" password="false" selected="false" visible-to-user="true" bounds="[648,2148][864,2194]">
                        <node index="0" text="" resource-id="com.instagram.android:id/container" class="android.widget.FrameLayout" package="com.instagram.android" content-desc="" checkable="false" checked="false" clickable="false" enabled="true" focusable="false" focused="false" scrollable="false" long-clickable="false" password="false" selected="false" visible-to-user="true" bounds="[725,2180][788,2194]">
                          <node index="0" text="" resource-id="com.instagram.android:id/tab_icon" class="android.widget.ImageView" package="com.instagram.android" content-desc="" checkable="false" checked="false" clickable="false" enabled="true" focusable="false" focused="false" scrollable="false" long-clickable="false" password="false" selected="false" visible-to-user="true" bounds="[725,2180][788,2194]" />
                        </node>
                      </node>
                    </node>
                    <node index="4" text="" resource-id="com.instagram.android:id/profile_tab" class="android.widget.FrameLayout" package="com.instagram.android" content-desc="Profile" checkable="false" checked="false" clickable="true" enabled="true" focusable="true" focused="false" scrollable="false" long-clickable="true" password="false" selected="false" visible-to-user="true" bounds="[864,2148][1080,2194]">
                      <node index="0" text="" resource-id="com.instagram.android:id/wrapper" class="android.view.ViewGroup" package="com.instagram.android" content-desc="" checkable="false" checked="false" clickable="false" enabled="true" focusable="false" focused="false" scrollable="false" long-clickable="false" password="false" selected="false" visible-to-user="true" bounds="[864,2148][1080,2194]">
                        <node index="0" text="" resource-id="com.instagram.android:id/container" class="android.widget.FrameLayout" package="com.instagram.android" content-desc="" checkable="false" checked="false" clickable="false" enabled="true" focusable="false" focused="false" scrollable="false" long-clickable="false" password="false" selected="false" visible-to-user="true" bounds="[933,2172][1012,2194]">
                          <node index="0" text="" resource-id="com.instagram.android:id/tab_avatar" class="android.widget.ImageView" package="com.instagram.android" content-desc="" checkable="false" checked="false" clickable="false" enabled="true" focusable="false" focused="false" scrollable="false" long-clickable="false" password="false" selected="false" visible-to-user="true" bounds="[933,2172][1012,2194]" />
                        </node>
                        <node index="1" text="" resource-id="com.instagram.android:id/dot_badge" class="android.view.View" package="com.instagram.android" content-desc="" checkable="false" checked="false" clickable="false" enabled="true" focusable="false" focused="false" scrollable="false" long-clickable="false" password="false" selected="false" visible-to-user="true" bounds="[967,2256][978,2267]" />
                      </node>
                    </node>
                  </node>
                </node>
                <node index="2" text="" resource-id="com.instagram.android:id/activity_and_camera_shared_views_main_container" class="android.widget.FrameLayout" package="com.instagram.android" content-desc="" checkable="false" checked="false" clickable="false" enabled="true" focusable="false" focused="false" scrollable="false" long-clickable="false" password="false" selected="false" visible-to-user="true" bounds="[0,80][1080,2194]" />
              </node>
              <node index="2" text="" resource-id="com.instagram.android:id/overlay_layout_container" class="android.widget.FrameLayout" package="com.instagram.android" content-desc="" checkable="false" checked="false" clickable="false" enabled="true" focusable="false" focused="false" scrollable="false" long-clickable="false" password="false" selected="false" visible-to-user="true" bounds="[0,0][1080,2194]" />
              <node index="3" text="" resource-id="com.instagram.android:id/bottom_sheet_camera_container" class="android.widget.FrameLayout" package="com.instagram.android" content-desc="" checkable="false" checked="false" clickable="false" enabled="true" focusable="false" focused="false" scrollable="false" long-clickable="false" password="false" selected="false" visible-to-user="true" bounds="[0,80][1080,2194]" />
            </node>
          </node>
        </node>
      </node>
    </node>
  </node>
</hierarchy>